fad;adsfasd;asdfasd;32;111 112 233;2021-03-16;;mr
fgsdf;fsdaf;afsd;21;111 112 233;2021-03-30;;mr
das;dsa;das;21;111 112 233;2021-03-30;;mr
fa;sdfg;s;32;123 456 789;2021-03-16;;mr
adf;SADF;adsdas;21;111 112 233;2021-03-23;;mr
ads;sdaf;dsadas;21;111 112 233;2021-03-23;;mr
FASD;fsdaf;asdfasd;21;111 112 233;2021-03-15;fa;mr
daSD;sdfg;sadf;21;111 112 233;2021-03-30;;mr
afsd;asdf;adsdas;32;123 456 789;2021-03-30;;mr
s;SADF;s;21;111 112 233;2021-03-30;;mr
afsd;SGDF;SDFG;21;111 112 233;2021-03-24;;mr
fdasd;SADF;adsdas;21;111 112 233;2021-03-09;;mr
adf;dasASD;dsadas;32;111 112 233;2021-03-09;;mr
fsa;sdfas;sdaf;32;123 456 789;2021-03-10;;mr
Carlos;SADF;s;32;111 112 233;2021-03-17;;mr
daSD;asdf;asdfasd;32;111 112 233;2021-03-09;;mr
s;sdfg;sdfasf;21;111 112 233;2021-03-23;;mr
ads;SADF;sdfasf;43;111 112 233;2021-03-23;;mr
qe;qe;qe;23;111 112 233;2021-03-16;;mr
das;dsa;sadf;43;111 112 233;2021-03-23;;mr
wqer;;qe;32;111 112 233;2021-03-24;;ms
carlos;;Rodriguez;32;111 111 111;2021-03-09;;mr
fdas;asf;afs;21;123 456 789;2021-03-24;;mr
FASD;adsfasd;asdfasd;21;123 456 789;2021-03-16;;mr
adf;ASDF;asdfasd;32;123 456 789;2021-03-16;;mr
afdf;asdf;asdfasd;32;111 112 233;2021-03-16;;mr
RQW;ewqr;Q;32;111 112 233;2021-03-16;;mr
das;adsfasd;adsdas;21;123 456 789;2021-03-17;;mr
afds;adfa;afdss;2;111 112 233;2021-03-10;;mr
ada;;ads;mr;;adsfa@adssaf.com;111 112 233;;
rewterfa;;sdaf;;;fasdfasd@gmal.com;111 112 233;;
adf;;das;mr;32;adsfa@adssaf.com;111 112 233;;
fads;;sad;mr;21;adsfa@adssaf.com;111 112 233;;
ter;;er;;32;adsfa@adssaf.com;111 112 233;;
asdf;;fasd;mr;32;adsfa@adssaf.com;111 112 233;;
dfa;;SDFG;mr;32;adsfa@adssaf.com;111 112 233;2021-03-25;
fas;;sdfasf;mr;21;adsfa@adssaf.com;111 112 233;2021-03-11;
